{
    "CurCompileModules": [
        "...MASTER...",
        "...MASTER...",
        "vcs_paramclassrepository",
        "vcs_paramclassrepository",
        "_vcs_unit__2919397984",
        "_vcs_unit__2919397984",
        "std",
        "std",
        "uvm_pkg",
        "uvm_pkg",
        "dut",
        "dut",
        "my_if",
        "my_if",
        "top_tb",
        "top_tb"
    ],
    "stat": {
        "ru_self_cgstart": {
            "ru_maxrss_kb": 93384,
            "ru_stime_sec": 0.168319,
            "ru_utime_sec": 2.4481039999999998,
            "ru_minflt": 37246,
            "ru_majflt": 56,
            "ru_nvcsw": 111,
            "ru_nivcsw": 59
        },
        "quadSpeed": 50059.635961348969,
        "ru_childs_cgstart": {
            "ru_maxrss_kb": 0,
            "ru_stime_sec": 0.0,
            "ru_utime_sec": 0.0,
            "ru_minflt": 0,
            "ru_majflt": 0,
            "ru_nvcsw": 0,
            "ru_nivcsw": 0
        },
        "cpu_cycles_cgstart": 1085700400063151,
        "cpu_cycles_end": 1085704572521733,
        "totalObjSize": 4494662,
        "cpu_cycles_total": 12717464305,
        "mop/quad": 2.7004175037669511,
        "nMops": 172049,
        "nQuads": 63712,
        "Frontend(%)": 65.794638072298994,
        "ru_self_end": {
            "ru_maxrss_kb": 97068,
            "ru_stime_sec": 0.20235,
            "ru_utime_sec": 3.7208260000000002,
            "ru_minflt": 39671,
            "ru_majflt": 56,
            "ru_nvcsw": 113,
            "ru_nivcsw": 65
        },
        "ru_childs_end": {
            "ru_maxrss_kb": 0,
            "ru_stime_sec": 0.0,
            "ru_utime_sec": 0.0,
            "ru_minflt": 0,
            "ru_majflt": 0,
            "ru_nvcsw": 0,
            "ru_nivcsw": 0
        },
        "outputSizePerQuad": 70.546553239578103,
        "mopSpeed": 135181.9171822283,
        "CodeGen(%)": 34.205361927701006,
        "peak_mem_kb": 219368,
        "realTime": 4.2533999670995399
    },
    "perf": [
        {
            "sub": [
                {
                    "sub": [],
                    "stat": [
                        "doParsingAndDesignResolution",
                        "entry",
                        0.36197996709961444,
                        0.026280999999999999,
                        0.098310999999999996,
                        179076,
                        179876,
                        0.0,
                        0.0,
                        1693381503.765059,
                        1085692176337587
                    ]
                },
                {
                    "sub": [],
                    "stat": [
                        "doParsingAndDesignResolution",
                        "exit",
                        1.2688249670900404,
                        0.87232500000000002,
                        0.13199,
                        200020,
                        200992,
                        0.0,
                        0.0,
                        1693381504.6719041,
                        1085695065214085
                    ]
                },
                {
                    "sub": [
                        {
                            "sub": [],
                            "stat": [
                                "doUptoVir2VcsNoSepCleanup",
                                "entry",
                                1.6860869671218097,
                                1.286548,
                                0.134187,
                                200504,
                                200992,
                                0.0,
                                0.0,
                                1693381505.0891659,
                                1085696394416617
                            ]
                        },
                        {
                            "sub": [],
                            "stat": [
                                "doUptoVir2VcsNoSepCleanup",
                                "exit",
                                2.8395479670725763,
                                2.3513069999999998,
                                0.16133400000000001,
                                203940,
                                219368,
                                0.0,
                                0.0,
                                1693381506.2426269,
                                1085700068867727
                            ]
                        },
                        {
                            "sub": [],
                            "stat": [
                                "doRadify_vir2vcsAll",
                                "entry",
                                2.8396319671301171,
                                2.3513860000000002,
                                0.16134000000000001,
                                203940,
                                219368,
                                0.0,
                                0.0,
                                1693381506.2427111,
                                1085700069027906
                            ]
                        },
                        {
                            "sub": [],
                            "stat": [
                                "doRadify_vir2vcsAll",
                                "exit",
                                2.9351809670915827,
                                2.441751,
                                0.16630200000000001,
                                211056,
                                219368,
                                0.0,
                                0.0,
                                1693381506.3382599,
                                1085700373773237
                            ]
                        }
                    ],
                    "stat": [
                        "doPostDesignResolutionToVir2Vcs",
                        "entry",
                        1.2689769670832902,
                        0.87245700000000004,
                        0.13200899999999999,
                        200020,
                        200992,
                        0.0,
                        0.0,
                        1693381504.672056,
                        1085695065564767
                    ]
                },
                {
                    "sub": [],
                    "stat": [
                        "doPostDesignResolutionToVir2Vcs",
                        "exit",
                        2.93532796704676,
                        2.4418880000000001,
                        0.16631099999999999,
                        211056,
                        219368,
                        0.0,
                        0.0,
                        1693381506.338407,
                        1085700374003323
                    ]
                },
                {
                    "sub": [
                        {
                            "sub": [],
                            "stat": [
                                "DoPass2",
                                "entry",
                                2.9435139670968056,
                                2.448054,
                                0.16831599999999999,
                                206184,
                                219368,
                                0.0,
                                0.0,
                                1693381506.3465929,
                                1085700400002938
                            ]
                        },
                        {
                            "sub": [],