{
    "cycles_program_begin": 59911961491434,
    "CompileProcesses": [
        "cgproc.50117.json"
    ],
    "CurCompileModules": [
        "...MASTER...",
        "std",
        "uart_top_tb",
        "glbl",
        "UNISIMS_VER.IBUF",
        "UNISIMS_VER.MMCME2_ADV",
        "UNISIMS_VER.BUFG",
        "uart_rx",
        "uart_tx"
    ],
    "stat": {
        "mop/quad": 2.32682726385536,
        "ru_self_cgstart": {
            "ru_utime_sec": 0.31472299999999997,
            "ru_stime_sec": 0.13341,
            "ru_majflt": 0,
            "ru_minflt": 35862,
            "ru_maxrss_kb": 101544,
            "ru_nvcsw": 21,
            "ru_nivcsw": 18
        },
        "ru_childs_cgstart": {
            "ru_utime_sec": 0.016055,
            "ru_stime_sec": 0.020501999999999999,
            "ru_majflt": 0,
            "ru_minflt": 5857,
            "ru_maxrss_kb": 45708,
            "ru_nvcsw": 17,
            "ru_nivcsw": 6
        },
        "nMops": 45301,
        "cpu_cycles_cgstart": 59913072737484,
        "ru_childs_end": {
            "ru_utime_sec": 0.043263000000000003,
            "ru_stime_sec": 0.060211000000000001,
            "ru_majflt": 0,
            "ru_minflt": 14802,
            "ru_maxrss_kb": 48976,
            "ru_nvcsw": 39,
            "ru_nivcsw": 21
        },
        "totalObjSize": 151226,
        "nQuads": 19469,
        "mopSpeed": 346430.61981417041,
        "ru_self_end": {
            "ru_utime_sec": 0.41827999999999999,
            "ru_stime_sec": 0.169045,
            "ru_majflt": 0,
            "ru_minflt": 42259,
            "ru_maxrss_kb": 108880,
            "ru_nvcsw": 26,
            "ru_nivcsw": 21
        },
        "outputSizePerQuad": 7.7675278648107247,
        "cpu_cycles_end": 59913728233347,
        "cpu_cycles_total": 1766741913,
        "quadSpeed": 148885.40511604786,
        "Frontend(%)": 71.667861932690997,
        "peak_mem_kb": 341992,
        "CodeGen(%)": 28.332138067309014,
        "realTime": 0.59399700164794922
    },
    "perf": [
        {
            "stat": [
                "main",
                "entry",
                0.091856956481933594,
                0.078961000000000003,
                0.066896999999999998,
                254556,
                254556,
                0.0,
                0.0,
                1704887265.603658,
                59911962002794
            ],
            "sub": [
                {
                    "stat": [
                        "doParsingAndDesignResolution",
                        "entry",
                        0.096188068389892578,
                        0.083556000000000005,
                        0.067063999999999999,
                        256680,
                        256804,
                        0.0,
                        0.0,
                        1704887265.6079891,
                        59911977142490
                    ],
                    "sub": []
                },
                {
                    "stat": [
                        "doParsingAndDesignResolution",
                        "exit",
                        0.16207098960876465,
                        0.127502,
                        0.095627000000000004,
                        269256,
                        269260,
                        0.0,
                        0.0,
                        1704887265.673872,
                        59912208939125
                    ],
                    "sub": []
                },
                {
                    "stat": [
                        "doPostDesignResolutionToVir2Vcs",
                        "entry",
                        0.16505193710327148,
                        0.12859300000000001,
                        0.097819000000000003,
                        269496,
                        269692,
                        0.0,
                        0.0,
                        1704887265.6768529,
                        59912219823874
                    ],
                    "sub": [
                        {
                            "stat": [
                                "doUptoVir2VcsNoSepCleanup",
                                "entry",
                                0.1884000301361084,
                                0.150806,
                                0.101271,
                                270656,
                                270660,
                                0.0,
                                0.0,
                                1704887265.700201,
                                59912301723471
                            ],
                            "sub": []
                        },
                        {
                            "stat": [
                                "doUptoVir2VcsNoSepCleanup",
                                "exit",
                                0.35680508613586426,
                                0.301205,
                                0.126418,
                                338972,
                                338992,
                                0.0,
                                0.0,
                                1704887265.8686061,
                                59912894061935
                            ],
                            "sub": []
                        },
                        {
                            "stat": [
                                "doRadify_vir2vcsAll",
                                "entry",
                                0.35690689086914062,
                                0.30128500000000003,
                                0.12645200000000001,
                                338972,
                                338992,
                                0.0,
                                0.0,
                                1704887265.8687079,
                                59912894358473
                            ],
                            "sub": []
                        },
                        {
                            "stat": [
                                "doRadify_vir2vcsAll",
                                "exit",
                                0.36623001098632812,
                                0.30924699999999999,
                                0.12876099999999999,
                                338972,
                                338992,
                                0.0,
                                0.0,
                                1704887265.878031,
                                59912927279571
                            ],
                            "sub": []
                        }
                    ]
                },
                {
                    "stat": [
                        "doPostDesignResolutionToVir2Vcs",
                        "exit",
                        0.36632299423217773,
                        0.30932300000000001,
                        0.12879199999999999,
                        338972,
                        338992,
                        0.0,
                        0.0,
                        1704887265.878124,
                        59912927483222
                    ],
                    "sub": []
                },
                {
                    "stat": [
                        "doGAToPass2",
                        "entry",
                        0.3663790225982666,
                        0.30936599999999997,
                        0.12881100000000001,
                        338972,
                        338992,
                        0.0,
                        0.0,
                        1704887265.87818,
                        59912927673146
                    ],