{
    "ObjArchives": [
        {
            "archive": "archive.3/_50117_archive_1.a",
            "size": 151226,
            "objects": [
                [
                    "amcQwB.o",
                    151226
                ]
            ]
        }
    ],
    "Modules": {
        "...MASTER...": {
            "child_modules": {
                "uart_top_tb": 1,
                "std": 1,
                "glbl": 1
            },
            "start_perf": [
                0.40804004669189453,
                0.31472299999999997,
                0.13386999999999999,
                338972,
                338992,
                1704887265.9198411,
                59913074295503
            ],
            "end_perf": [
                0.41719889640808105,
                0.31786999999999999,
                0.13528699999999999,
                338984,
                338992,
                59913106514680,
                0,
                0
            ],
            "nQuads": 0,
            "nMops": 0,
            "nRouts": 5
        },
        "uart_tx": {
            "child_modules": {},
            "start_perf": [
                0.52405810356140137,
                0.41359600000000002,
                0.15729799999999999,
                340056,
                340060,
                1704887266.0358591,
                59913482417092
            ],
            "nRouts": 56,
            "Compiled": "Yes",
            "Compiled Times": 4,
            "end_perf": [
                0.52658605575561523,
                0.41509000000000001,
                0.15854799999999999,
                340056,
                340060,
                59913491352481,
                55834574849,
                0
            ],
            "nQuads": 391,
            "nMops": 773
        },
        "std": {
            "child_modules": {},
            "svclass": [
                "$vcs_nba_dyn_obj",
                0,
                37,
                2,
                2,
                0,
                "sigprop$$",
                0,
                37,
                2,
                2,
                0,
                "process",
                0,
                184,
                8,
                8,
                0,
                "event",
                0,
                36,
                2,
                2,
                0,
                "mailbox",
                0,
                107,
                9,
                9,
                0,
                "semaphore",
                0,
                71,
                5,
                5,
                0
            ],
            "start_perf": [
                0.41733407974243164,
                0.31797599999999998,
                0.13533200000000001,
                338984,
                338992,
                1704887265.9291351,
                59913106949111
            ],
            "Compiled": "Yes",
            "Compiled Times": 4,
            "end_perf": [
                0.42083501815795898,
                0.31869700000000001,
                0.13846800000000001,
                339000,
                339004,
                59913119300589,
                12884901889,
                0
            ],
            "nQuads": 218,
            "nMops": 472,
            "nRouts": 33
        },
        "uart_top_tb": {
            "child_modules": {
                "UNISIMS_VER.BUFG": 2,
                "uart_rx": 1,
                "UNISIMS_VER.MMCME2_ADV": 1,
                "UNISIMS_VER.IBUF": 1,
                "uart_tx": 1
            },
            "start_perf": [
                0.42091202735900879,
                0.31875599999999998,
                0.13849400000000001,
                339000,
                339004,
                1704887265.932713,
                59913119531690
            ],
            "nRouts": 36,
            "Compiled": "Yes",
            "Compiled Times": 4,
            "end_perf": [
                0.4237830638885498,
                0.32192100000000001,
                0.13849400000000001,
                339000,
                339004,
                59913129671105,
                17179869185,
                0
            ],
            "nQuads": 200,
            "nMops": 358
        },
        "glbl": {
            "child_modules": {},
            "start_perf": [
                0.42385411262512207,
                0.32199899999999998,
                0.13849400000000001,
                339000,
                339004,
                1704887265.9356551,
                59913129880820
            ],
            "nRouts": 29,
            "Compiled": "Yes",
            "Compiled Times": 4,
            "end_perf": [
                0.42545199394226074,
                0.32244400000000001,
                0.139762,
                339000,
                339004,
                59913135521099,
                21474836481,
                0
            ],
            "nQuads": 192,
            "nMops": 315
        },
        "uart_rx": {
            "child_modules": {},
            "start_perf": [
                0.51983094215393066,
                0.40927799999999998,
                0.15695600000000001,
                340056,
                340060,
                1704887266.0316319,
                59913467538502
            ],
            "nRouts": 64,
            "Compiled": "Yes",
            "Compiled Times": 4,
            "end_perf": [
                0.52398204803466797,
                0.41353400000000001,
                0.157275,
                340056,
                340060,
                59913482204823,
                51539607553,
                0
            ],
            "nQuads": 381,
            "nMops": 812
        },
        "UNISIMS_VER.MMCME2_ADV": {
            "child_modules": {},
            "start_perf": [
                0.42634987831115723,
                0.32250800000000002,
                0.140708,
                339000,
                339004,
                1704887265.9381509,
                59913138658843
            ],
            "nRouts": 1519,
            "Compiled": "Yes",
            "Compiled Times": 4,
            "end_perf": [
                0.51909399032592773,
                0.40921600000000002,
                0.15620600000000001,
                340056,
                340060,
                59913465009793,
                42949672961,
                0
            ],
            "nQuads": 18013,
            "nMops": 42538
        },
        "UNISIMS_VER.IBUF": {
            "child_modules": {},
            "start_perf": [
                0.42551708221435547,
                0.32250800000000002,
                0.13979,
                339000,
                339004,
                1704887265.9373181,
                59913135984259
            ],
            "nRouts": 15,
            "Compiled": "Yes",
            "Compiled Times": 4,
            "end_perf": [
                0.42628908157348633,
                0.32250800000000002,
                0.14063999999999999,
                339000,
                339004,
                59913138463173,
                38654705665,
                0
            ],
            "nQuads": 74,
            "nMops": 33
        },
        "UNISIMS_VER.BUFG": {
            "child_modules": {},
            "start_perf": [
                0.51917099952697754,
                0.40927799999999998,
                0.15623000000000001,
                340056,
                340060,
                1704887266.030972,
                59913465220465
            ],
            "nRouts": 5,
            "Compiled": "Yes",
            "Compiled Times": 4,
            "end_perf": [
                0.51977109909057617,
                0.40927799999999998,
                0.15689,
                340056,
                340060,
                59913467346662,
                47244640257,
                0
            ],