{
    "stat": {
        "ru_self_end": {
            "ru_stime_sec": 0.093201999999999993,
            "ru_utime_sec": 0.445969,
            "ru_maxrss_kb": 110280,
            "ru_nivcsw": 35,
            "ru_minflt": 41892,
            "ru_nvcsw": 16,
            "ru_majflt": 0
        },
        "cpu_cycles_end": 525817844142001,
        "ru_childs_end": {
            "ru_stime_sec": 0.040554,
            "ru_utime_sec": 0.039182000000000002,
            "ru_maxrss_kb": 50508,
            "ru_nivcsw": 17,
            "ru_minflt": 14636,
            "ru_nvcsw": 40,
            "ru_majflt": 0
        },
        "peak_mem_kb": 341980
    },
    "Modules": {
        "glbl": {
            "nQuads": 192,
            "child_modules": {},
            "start_perf": [
                0.42913508415222168,
                0.35038399999999997,
                0.080317,
                338984,
                338988,
                1692416502.514734,
                525817343988193
            ],
            "Compiled": "Yes",
            "Compiled Times": 2,
            "end_perf": [
                0.43071699142456055,
                0.35102699999999998,
                0.081237000000000004,
                338984,
                338988,
                525817349080860,
                21474836481,
                0
            ],
            "nRouts": 29,
            "nMops": 315
        },
        "...MASTER...": {
            "nQuads": 0,
            "child_modules": {
                "uart_top_tb": 1,
                "std": 1,
                "glbl": 1
            },
            "start_perf": [
                0.41484403610229492,
                0.34450700000000001,
                0.076332999999999998,
                338956,
                338976,
                1692416502.500443,
                525817298393309
            ],
            "end_perf": [
                0.42299795150756836,
                0.34527200000000002,
                0.079292000000000001,
                338968,
                338976,
                525817324459326,
                0,
                0
            ],
            "nRouts": 5,
            "nMops": 0
        },
        "std": {
            "start_perf": [
                0.4230949878692627,
                0.34535100000000002,
                0.079310000000000005,
                338968,
                338976,
                1692416502.5086939,
                525817324714195
            ],
            "child_modules": {},
            "nQuads": 218,
            "Compiled": "Yes",
            "Compiled Times": 2,
            "end_perf": [
                0.42689013481140137,
                0.34914499999999998,
                0.079310000000000005,
                338984,
                338988,
                525817336877471,
                12884901889,
                0
            ],
            "nMops": 472,
            "nRouts": 33,
            "svclass": [
                "$vcs_nba_dyn_obj",
                0,
                37,
                2,
                2,
                0,
                "sigprop$$",
                0,
                37,
                2,
                2,
                0,
                "process",
                0,
                184,
                8,
                8,
                0,
                "event",
                0,
                36,
                2,
                2,
                0,
                "mailbox",
                0,
                107,
                9,
                9,
                0,
                "semaphore",
                0,
                71,
                5,
                5,
                0
            ]
        },
        "uart_top_tb": {
            "nQuads": 200,
            "child_modules": {
                "UNISIMS_VER.MMCME2_ADV": 1,
                "UNISIMS_VER.BUFG": 2,
                "uart_tx": 1,
                "UNISIMS_VER.IBUF": 1,
                "uart_rx": 1
            },
            "start_perf": [
                0.42694306373596191,
                0.34919899999999998,
                0.079310000000000005,
                338984,
                338988,
                1692416502.512542,
                525817336993560
            ],
            "Compiled": "Yes",
            "Compiled Times": 2,
            "end_perf": [
                0.42909002304077148,
                0.35034799999999999,
                0.080309000000000005,
                338984,
                338988,
                525817343896743,
                17179869185,
                0
            ],
            "nRouts": 36,
            "nMops": 358
        },
        "UNISIMS_VER.IBUF": {
            "nQuads": 74,
            "child_modules": {},
            "start_perf": [
                0.43075704574584961,
                0.35105900000000001,
                0.081244999999999998,
                338984,
                338988,
                1692416502.516356,
                525817349164035
            ],
            "Compiled": "Yes",
            "Compiled Times": 2,
            "end_perf": [
                0.43152499198913574,
                0.35168300000000002,
                0.081389000000000003,
                338984,
                338988,
                525817351649116,
                38654705665,
                0
            ],
            "nRouts": 15,
            "nMops": 33
        },
        "UNISIMS_VER.MMCME2_ADV": {
            "nQuads": 18013,
            "child_modules": {},
            "start_perf": [
                0.43156099319458008,
                0.35171200000000002,
                0.081395999999999996,
                338984,
                338988,
                1692416502.5171599,
                525817351731175
            ],
            "Compiled": "Yes",
            "Compiled Times": 2,
            "end_perf": [
                0.52156710624694824,
                0.43776900000000002,
                0.085345000000000004,
                340040,
                340044,
                525817639099460,
                42949672961,
                0
            ],
            "nRouts": 1519,
            "nMops": 42538
        },
        "UNISIMS_VER.BUFG": {
            "nQuads": 0,
            "child_modules": {},
            "start_perf": [
                0.52162599563598633,
                0.43782900000000002,
                0.085345000000000004,
                340040,
                340044,
                1692416502.6072249,
                525817639223375
            ],
            "Compiled": "Yes",
            "Compiled Times": 2,
            "end_perf": [
                0.52214908599853516,
                0.43835099999999999,
                0.085345000000000004,
                340040,
                340044,
                525817640906448,
                47244640257,
                0
            ],
            "nRouts": 5,
            "nMops": 0
        },
        "uart_rx": {
            "nQuads": 381,
            "child_modules": {},
            "start_perf": [
                0.52217912673950195,
                0.43838199999999999,
                0.085345000000000004,
                340040,
                340044,
                1692416502.6077781,
                525817640985043
            ],
            "Compiled": "Yes",
            "Compiled Times": 2,
            "end_perf": [
                0.52429604530334473,
                0.44049899999999997,
                0.085345000000000004,
                340040,
                340044,
                525817647773762,
                51539607553,
                0
            ],
            "nRouts": 64,
            "nMops": 812
        },
        "uart_tx": {
            "nQuads": 386,
            "child_modules": {},